--Insert actor

INSERT INTO ACTOR(actor_id, name, gender)
VALUES 
	 ('ac01', 'Angelina Jolie', 'F'),
	 ('ac02', 'Jonathan Livingstone', 'M'),
	 ('ac03', 'Codie-Lei Eastick', 'M'),
	 ('ac04', 'Anne Hathaway', 'F'),
	 ('ac05', 'Chinawut Indracusin', 'M'),
	 ('ac06', 'James Landry Hébert', 'M'),
	 ('ac07', 'Scout Taylor-Compton', 'F'),
	 ('ac08', 'Jeff Bridges', 'M'),
	 ('ac09', 'Olivia Wilde', 'F'),
	 ('ac10', 'Bill Nighy', 'M'),
	 ('ac11', 'Rachel McAdams', 'F'),
	 ('ac12', 'Sean Penn', 'M'),
	 ('ac13', 'Michelle Pfeiffer', 'F'),
	 ('ac14', 'Kenta Hamano', 'M'),
	 ('ac15', 'Ayami Nakajo', 'F'),
	 ('ac16', 'Cecilia Cheung', 'F'),
	 ('ac17', 'Dae-Hoon Jeong', 'M'),
	 ('ac18', 'Tom Cruise', 'M'),
	 ('ac19', 'Andrea Riseborough', 'M'),
	 ('ac20', 'Dan Stevens', 'M'),
	 ('ac21', 'Emma Watson', 'F'),
	 ('ac22', 'Daniel Jacob Radcliffe', 'M'),
	 ('ac23', 'Sharlto Copley', 'M'),
	 ('ac24', 'Elle Fanning', 'F'),
	 ('ac25', 'Tom Holland', 'M'),
	 ('ac26', 'Marisa Tomei', 'F'),
	 ('ac27', 'John David Washington', 'M'),
	 ('ac28', 'Elizabeth Debicki', 'F'),
	 ('ac29', 'Leonardo DiCaprio', 'M'),
	 ('ac30', 'Ellen Page', 'F'),
	 ('ac31', 'Robert Pattinson', 'M');

--Insert producer

INSERT INTO PRODUCER(producer_id, name, gender)
	VALUES 
	 ('p01', 'Brenda Chapman', 'F'),
	 ('p02', 'Robert Zemeckis', 'M'),
	 ('p03', 'Achira Nokthet', 'M'),
	 ('p04', 'Rich Ragsdale', 'M'),
	 ('p05', 'Joseph Kosinski', 'M'),
	 ('p06', 'Richard Curtis', 'M'),
	 ('p07', 'Jessie Nelson', 'M'),
	 ('p08', 'Kojiro Hashimoto', 'M'),
	 ('p09', 'Hae-sung Song', 'M'),
	 ('p10', 'Bill Condon', 'M'),
	 ('p11', 'Mike Newell', 'M'),
	 ('p12', 'Robert Stromberg', 'M'),
	 ('p13', 'Jon Watts', 'M'),
	 ('p14', 'Christopher Nolan', 'M');

--Insert customer
INSERT INTO "CUSTOMER"(customer_id, first_name, last_name, phone_number, email, password)
	VALUES 
	 ('1001', 'John', 'Smith', '985647123', 'john@gmail.com', '123456'),
	 ('1002', 'James', 'Borg', '965127463', 'james@gmail.com', '456789'),
	 ('1003', 'Alicia', 'Zelaya', '846722596', 'alicia@gmail.com', '652896');

--Insert genre
INSERT INTO "GENRE"(genre_id, genre_name)
	VALUES 
	 ('01', 'Drama'),
	 ('02', 'Romantic'),
	 ('03', 'Action'),
	 ('04', 'Horror'),
	 ('05', 'Fantasy');

--Insert movie
INSERT INTO "movie"(movie_id, movie_name, title, genre_id, copyright_date, producer_id,  price, image)
	VALUES ('m01', 'Come Away ปีเตอร์แพนกับอลิซตะลุยแดนมหัศจรรย์',  'เรื่องราวของอลิซและปีเตอร์ ทั้งคู่เป็นพี่น้องกันซึ่งพวกเขายังมีพี่ชายอีกคนชื่อ เดวิดสามพี่น้องเติบโตมาด้วยจินตนาการอันเหลือเชื่อ จนพาพวกเขาลอยล่องไปสู่ดินแดนแห่งความฝัน จนกระทั่งเกิดเหตุการณ์ไม่คาดฝันขึ้นจนครอบครัวตกอยู่ในสถานการณ์ลำบาก ปีเตอร์ กับ อลิซ กลายเป็นผู้นำในการประสานรอยร้าวในครอบครัวและนี่ก็เป็นจุดเริ่มต้นให้ ปีเตอร์ ได้เข้าไปในเนเวอร์แลนด์ ส่วนอลิซ แยกไปผจญภัยใน วันเดอร์แลนด์ แดนมหัศจรรย์', '05', '2020-11-26', 'p01', '20', 'come_away.jpg'),
	 ('m02', 'The Witches แม่มด', 'The Witches แม่มด เล่าเรื่องราวในช่วงปี 1967 ของเด็กชายกำพร้าคนหนึ่ง ที่อาศัยอยู่กับคุณยายผู้เป็นที่รัก แต่ชีวิตพวกเขากลับเปลี่ยนไปเมื่อเด็กน้อยถูกหลอกล่อไปยังคฤหาสน์แสนสวยแห่งหนึ่ง แล้วได้พบกับแม่มดสาวสวยสุดไฮโซ ผู้กำลังรวบรวมผองเพื่อนแม่มดของเธอมารวมตัวกันทำแผนการชั่วร้ายที่ยากเกินคาดเดา', '05', '2020-11-05', 'p02',  '20', 'the_witches.jpg'),
	 ('m03', 'Pee Nak  พี่นาค', 'โหน่ง หนุ่มหล่อวัยเบญจเพสสุดซวย พี่นาค ที่ถูกหักอก และตกงานในเวลาเดียวกัน เขาหอบหิ้วความเสียใจขึ้นรถโดยสารเพื่อ เดินทางกลับไปพักใจที่บ้านเกิด แต่กลับซวยซํ้าสอง เมื่อไปเจอกับเพื่อนเก่าอย่าง บอลลูน เฟิร์ส และก๊อต แก๊งกระเทยเพื่อนซี้ หอบหิ้วดีกรีแฟชั่นนิสต้า ที่หวังเคลมโหน่งอย่างออกนอกหน้าจนโหน่งเอือมระอา แต่เพื่อนซี้มีอันต้องซี้ไปจริงๆ เมื่อรถโดย สารที่พวกเขานั่งมา เกิดอุบัติเหตุจนทําให้ก๊อตเสียชีวิต ทั้งสามโศกเศร้า และยังหวาดผวาต่อเหตุการณ์ที่เกิดขึ้น จึงตก ลงปลงใจจับมือพากันไปบวชล้างซวย แต่เคราะห์ซํ้ากรรมซัดขัดใจตุ๊ด เมื่อวัดที่ทั้งสามคนตั้งใจไปขอบวชนั้น มีเรื่องเล่าขา นว่าวัดนี้มีผีพี่นาคที่เฮี้ยนแรงขั้นสุด เกิดเป็นอาถรรพ์อันน่าสะพรึงรอคอยอยู่ งานบวชก็ต้องมี เรื่องผีก็โผล่มา กลายเป็น ความผวาเลเวลอัพ ทั้งสามจึงรวมพลังตั้งสติวีนวัดแตก เพื่อให้ได้บวชอย่างที่ตั้งใจ แต่การบวชครั้งนี้จะลุล่วงสมปรารถนา หรือพวกเขาจะกลายเป็นผีนาคเฝ้าวัดสานต่อตํานานสยองพี่นาคคนต่อไป', '02', '2019-02-21', 'p03', '20', 'pee_nak.jpg'),
	 ('m04', 'Ghost House มันอยู่ในศาล', 'สองคู่รักชาวอเมริกันที่หวังมาฮันนีมูนในประเทศไทยกลับต้องมาเผชิญความหลอนขั้นสุดตอนที่พวกเขาบังเอิญพบศาลพระภูมิลึกลับขณะท่องเที่ยวอยู่กลางชนบท พวกเขาถูกวิญญาณขึ้นชื่อว่าเฮี้ยนจัดตามหลอกหลอนทั้งคู่จนเกือบเสียสติ เมื่อสิ้นไร้ทางหนี สองคู่รักทำดิ่งลงสู่วังวนแห่งความสยองเกินกว่าจินตนาการ รับมือกับปรากฏการณ์ที่ไม่มีใครสามารถหาคำตอบได้เมื่อต้องเผชิญหน้ากับความชั่วร้ายที่จะทำให้คุณฝันร้ายไปตลอดกาล','02' , '2017-09-17', 'p04', '20', 'ghost_house.jpg'),
	 ('m05', 'Tron  ทรอน ล่าข้ามโลกอนาคต', 'ในปี ค.ศ. 1989 เควิน ฟลินน์ (รับบทโดย เจฟฟ์ บริดเจส) วิศวกรซอฟต์แวร์และซีอีโอบริษัทเอ็นคอมอินเตอร์เนชันแนล (ENCOM International) หายตัวไป ยี่สิบห้าปีต่อมา แซม บุตรชายของเขา (รับบทโดยการ์เรต เฮดลันด์) ผู้ถือหุ้นส่วนของบริษัทเอ็นคอมที่รับช่วงต่อจากบิดา เขามีความสนใจในบริษัทแห่งนี้น้อยมาก นอกเหนือไปเสียจากการทำเรื่องตลกต่อคณะกรรมการบริหารบริษัทเป็นประจำทุกปี อลัน แบรดเลย์(รับบทโดย บรูซ บ็อกซ์เลตเนอร์) เพื่อนของบิดาแซมและผู้บริหารบริษัทเอ็นคอมมาเยี่ยมแซม และกล่าวว่าเขาเพิ่งได้รับข้อความเพจเจอร์ซึ่งติดต่อมาโดยบิดาของเขาว่าอยู่ที่ร้านเกมส์เดิมของฟลินน์ ทำให้แซมเริ่มต้นออกค้นหาปริศนาการหายตัวไปของบิดา ขณะที่แซมสำรวจร้านเกมอยู่นั้น ก็ได้พบห้องปฏิบัติการคอมพิวเตอร์ลับในชั้นใต้ดินและได้ส่งให้เขาเข้าไปอยู่ในกริดโดยที่เขาไม่ได้ตั้งใจ','03', '2010-12-23', 'p05', '20', 'tron.jpg'),
	 ('m06','Oblivion  อุบัติการณ์โลกลืม' , 'เมื่อโลกกลายเป็นดาวเคราะห์ที่พังพินาศจนสภาพแวดล้อมบนพื้นโลกไม่สามารถอาศัยอยู่ได้อีกต่อไป มนุษย์ส่วนใหญ่ต้องพากันขึ้นไปอาศัยอยู่บนนครลอยฟ้า แต่ยังมี แจ็ค ฮาร์เปอร์ (ทอม ครูซ) มนุษย์คนสุดท้ายที่ถูกส่งลงมายังพื้นโลก เพื่อซ่อมแซมหุ่นยนต์ที่ใช้ควบคุมมนุษย์ต่างดาว จนเมื่อแจ็คได้พบซากยานอวกาศที่ตกลงมา พร้อมกับสาวสวยที่รอดชีวิตมากับยานลำนั้น ชีวิตของเขาก็ได้เปลี่ยนไป', '03', '2013-04-11', 'p05', '20','oblivion.jpg'),
	 ('m07','About Time ย้อนเวลาให้เธอ ปิ๊ง รัก' ,'ทิม เลค (โดห์นัลล์ กลีสัน) ค้นพบว่าตัวเองสามารถเดินทางย้อนเวลาได้ ในคืนหลังจากงานปาร์ตี้ที่ห่วยแตกในนิวยอร์ก พ่อของทิม (บิลล์ ไนฮีย์) ได้เล่าให้ลูกชายของเขาฟังว่า ผู้ชายในตระกูลเขามีความสามารถในการเดินทางย้อนเวลาเสมอ ทิมไม่สามารถเปลี่ยนแปลงประวัติศาสตร์ได้ แต่เขาสามารถเปลี่ยนแปลงสิ่งที่เกิดขึ้นและเคยเกิดขึ้นมาแล้วในชีวิตของเขาได้ เขาก็เลยตัดสินใจจะทำให้โลกนี้สวยงามขึ้น ด้วยการหาแฟนซักคน แต่ยิ่งชีวิตที่ไม่ธรรมดาของเขาเดินหน้าไปเท่าไหร่ ทิมก็ค้นพบว่าพรสวรรค์พิเศษนี้ของเขาไม่สามารถช่วยเขาไม่ให้เจอกับความโศกเศร้าและเรื่องราวดีและร้ายที่ส่งผลกระทบต่อทุกครอบครัว ทุกหนทุกแห่งได้ มันมีข้อจำกัดในสิ่งที่การเดินทางย้อนเวลาสามารถทำได้ และมันก็เป็นเรื่องอันตรายด้วยเช่นกัน คอมมิดี้เกี่ยวกับความรักและการเดินทางย้อนเวลา ซึ่งค้นพบในท้ายที่สุดว่า การใช้ชีวิตอย่างคุ้มค่าที่สุดอาจจะไม่ต้องอาศัยการเดินทางย้อนเวลาเลยซักนิด' , '04', '2013-10-10', 'p06', '20','about_time.jpg'),
	 ('m08', 'I Am Sam  สุภาพบุรุษปัญญานิ่ม', 'เมื่อหนูน้อยลูซี่ (ดาโกต้า แฟนนิ่ง) อายุ 7 ขวบ พัฒนาการทางสมองของเธอได้ล้ำหน้าแซม ดอว์สัน (ฌอน เพนน์) ผู้เป็นพ่อ ซึ่งมีอาการคล้ายคนปัญญาอ่อนไปแล้ว ความรักและเอาใจใส่อย่างดีที่สุดของแซมไม่มีความหมายอะไรเลย เมื่อนักสังคมสงเคราะห์เอาเหตุผลและกฎหมายมาแยกตัวแก้วตาดวงใจของเขาไป ริต้า แฮร์ริสัน (มิเชลล์ ไฟเฟอร์) ทนายสาวความหวังเดียวของแซม ที่จะช่วยเรียกสิทธิความเป็นพ่อที่แท้จริงของเขากลับคืนมา', '04', '2001-01-31', 'p07', '20', 'i_am_sam.jpg'),
	 ('m09', 'Snow Flower  ชีวิตที่สั้นนั้นมีแค่เรา', 'หนังที่ได้แรงบันดาลใจมาจากเพลงสุดฮิตของ มิกะ นากาชิมะ "Yuki no Hana" เล่าเรื่องราวของ มิยูกิ ฮิราอิ (อายามิ นากะโจ) หญิงสาวร่างกายอ่อนแอ ที่ได้รับข่าวร้ายว่าตัวเองจะมีชีวิตเหลืออยู่ได้อีกแค่ 1 ปี เธอใฝ่ฝันที่จะไปเห็นแสงเหนือที่ฟินแลนด์สักครั้งก่อนตาย แต่ก็ไม่แข็งแรงพอที่จะไปด้วยตัวเองสักที จนกระทั่งได้พบกับ ยูสุเกะ วาตาบิกิ (ฮิโรโอมิ โทซากะ) ชายหนุ่มแปลกหน้าที่ใฝ่ฝันว่าจะไปเรียนการเป่าแก้วที่ฟินแลนด์ เธอจึงจ้างเขาด้วยเงินหนึ่งล้านเยนเพื่อเป็นแฟนกันหนึ่งเดือนและให้เขาพา เธอไปดูแสงเหนือด้วยกัน การเดินทางครั้งนั้นก่อให้เกิดความผูกพันที่ปวดร้าวและจะจดจำไปชั่วชีวิต', '01', '2019-04-04', 'p08', '20','snow_flower.jpg'),
	 ('m10','Failan  เฟ่ยหลัน รักนี้ไม่มีวันตาย' , 'เรื่องราวของ “เฟ่ยหลัน” สาวจีนที่เดินทางมายังเกาหลีเพื่อหางานทำ หลังจากที่สูญเสียผู้มีพระคุณและ.ไม่เหลือใครอีก เธอจำเป็นต้องแต่งงานปลอมๆกับใครซักคนเพื่อสิทธิในการใช้ชีวิตแบบถูกต้องตามกฎหมายในฐานะพลเมืองเกาหลี โดยมีสามีในนามชื่อ “คังแจ” มีอาชีพเป็นยากูซ่า ต๊อกต๋อยซึ่งเฟ่ยหลันไม่เคยเจอคังแจเลยซักครั้ง นอกจากแค่ “ชื่อ” และภาพถ่ายของเขาเท่านั้น ที่เธอยังคงจำได้และเก็บไว้ในใจตลอดเวลา ท่ามกลางการใช้ชีวิตในต่างแดนที่แสนยากเข็ญ และลำบากแทบขาดใจ สิ่งเดียวที่นำเธอกลับขึ้นมาจากความเศร้าได้นั้น มีเพียงอย่างเดียว นั่นคือทุกครั้งที่เธอได้จินตนาการภาพของคังแจ “สามี” เพียงคนเดียวของเธอ คังแจผู้ซึ่งไม่เคยรู้อะไรเกี่ยวกับ “ภรรยา” ของเขาเลย จนเมื่อการมาของตำรวจที่มาพร้อมกับเรื่องราวที่น่าสงสารของเธอ', '01', '2001-04-28', 'p09', '20','failan.jpg'),
	 ('m11', 'Beauty and the Beast โฉมงามกับเจ้าชายอสูร', 'การผจญภัยอันน่ามหัศจรรย์ของ เบลล์ (เอ็มมา วอตสัน) หญิงสาวแสนสวย สดใส และเด็ดเดี่ยว ผู้ที่ถูกกักขังอยู่ในปราสาทของ บีสท์ แม้จะตกอยู่ในความกลัว เธอได้ผูกมิตรกับเหล่าชาวปราสาทผู้ต้องมนต์ และเรียนรู้ที่จะมองข้ามรูปลักษณ์ภายนอกอันน่าหวาดกลัวของบีสท์ เพื่อให้เห็นถึงความอ่อนโยนของเจ้าชายที่แท้จริงที่อยู่', '05', '2017-02-23', 'p10', '20','beauty_and_the_beast.jpg'),
	 ('m12', 'HARRY POTTER 4 AND THE GOBLET OF FIRE ', 'แฮรรี่ พอตเตอร์ได้ถูกเลือกเป็นตัวแทนจากถ้วยอัคนี เข้าแข่งขันในการประลองเวทไตรภาคี ของพ่อมด ในระหว่างนั้นเอง สาวกแห่งจอมมาร ลอร์ดโวลเดอมอร์ (ราล์ฟ ไฟนน์ส) ได้ส่งคลื่นความกลัวปกคลุมทั่วประชาคมพ่อมดและแม่มดด้วยตรามารของเขาบนท้องฟ้าที่งานแข่งขัน ควิดดิช เวิลด์คัพ', '05', '2005-11-17', 'p11', '20','harry_potter_4.jpg'),
	 ('m13', 'Maleficent 1', 'เปิดเผยเรื่องราวที่ไม่เคยถูกบอกเล่ามาก่อนของตัวร้ายที่เป็นที่รู้จักมากที่สุดของภาพยนตร์เทพนิยายคลาสสิคของดิสนีย์ สลีปปิ้ง บิวตี้ และการถูกหักหลังครั้งใหญ่ที่เปลี่ยนจิตใจอันบริสุทธิ์ของเธอให้กลายเป็นดั่งหิน พลักดันด้วยความเคียดแค้นและความปรารถนาอันแรงกล้าที่จะปกป้องชาวมัวร์ภายใต้การปกครองของเธอ มาเลฟิเซนท์ได้ปลดปล่อยคำสาปไปสู่ทารกน้อยแรกเกิดของพระราชา ออโรร่า เมื่อทารกน้อยเติบโตขึ้น ออโรร่าต้องตกอยู่ภายใต้ความขัดแย้งระหว่างอาณาจักรต้นไม้ที่เธอเติบโตมาพร้อมความรักและอาณาจักรมนุษย์ที่สืบสานความยิ่งใหญ่ของตระกูลเธอ มาเลฟิเซนท์ตระหนักว่าออโรร่าอาจจะเป็นกุญแจที่จะนำความสงบสุขมาสู่ดินแดน และถูกบังคับให้ต้องลงมือทำบางสิ่งที่จะเปลี่ยนโลกทั้งสองใบไปตลอดกาล', '05', '2014-06-12', 'p12', '20','maleficent.jpg'),
	 ('m14', 'Spider-Man: Far From Home', 'โรงเรียนจัดทริปไปยุโรปทั้งที Spider Man Far From Home งานนี้ปีเตอร์ พาร์คเกอร์ (ทอม ฮอลแลนด์) กะขอพักภารกิจไอ้แมงมุมไว้ชั่วคราว แต่ทริปสุดโรแมนติกที่เขาวางแผนจะบอกความในใจกับ เอ็มเจ (เซนดายา) ก็มีอันพังครืนเมื่อเหล่าอสูรธาตุทั้ง 4 บุกทำลายเมืองสำคัญของโลกที่ซวยคือดันตามมาราวีเขากับเพื่อนๆ ซะอีกนี่ โชคยังดีที่เขาได้เจอกับ มิสทีรีโอ (เจค จิลเลนฮาล) ยอดมนุษย์จากเอิร์ธ 833 ที่อาสามาช่วยปีเตอร์ ตามคำเชิญของ นิค ฟิวรี (แซมมวล แอล แจ็คสัน) งานนี้นอกจากปีเตอร์จะต้องจำยอมมาสวมชุดสไปเดอร์แมนปกป้องโลกแล้ว เขายังต้องพิสูจน์ว่าตัวเองคู่ควรกับความไว้วางใจจากโทนี สตาร์คเพื่อเป็นผู้นำฮีโร่คนต่อไป', '03', '219-07-03', 'p13', '20','spiderman_far_from_home.jpg'),
	 ('m15', 'TENET', 'ในโลกยามพลบค่ำของการจารกรรมระหว่างประเทศเจ้าหน้าที่ซีไอเอที่ไม่มีชื่อหรือที่เรียกว่า The Protagonist ได้รับคัดเลือกจากองค์กรลึกลับชื่อ Tenet ให้เข้าร่วมในการมอบหมายงานระดับโลกที่เปิดเผยเกินเวลาจริง ภารกิจ: ป้องกัน Andrei Sator ซึ่งเป็นผู้มีอำนาจของรัสเซียที่ทรยศด้วยความสามารถในการตั้งรับตั้งแต่เริ่มสงครามโลกครั้งที่สาม อีกไม่นานตัวเอกจะเชี่ยวชาญศิลปะของ "การผกผันเวลา" เพื่อรับมือกับภัยคุกคามที่กำลังจะมาถึง', '03', '2020-08-27', 'p14', '20', 'tenet.jpg'),
	 ('m16', 'INCEPTION', 'ดอม คอบบ์ (ลีโอนาร์โด ดิคาปริโอ) หัวขโมยมืออาชีพ สุดยอดฝีมือด้านการดึงข้อมูล ฉกชิงความลับล้ำค่าจากจิตใต้สำนึกเบื้องลึกระหว่างสภาวะความฝัน ซึ่งเป็นเวลาที่จิตใจจะเปราะบางที่สุด ความสามารถที่หายากของคอบบ์ทำให้เขาเป็นผู้เล่นที่ละโมบ และเป็นผู้หลบหนีที่ต้องสูญเสียทุกอย่างที่เขารักไป คอบบ์ได้รับการหยิบยื่นโอกาสที่จะแก้แค้น งานสุดท้ายที่จะคืนชีวิตให้กับเขา นั่นคือการปลูกฝังความคิด ถ้าทำสำเร็จ มันจะกลายเป็นอาชญากรรมที่สมบูรณ์แบบ แต่ไม่มีการวางแผนอย่างรอบคอบชนิดใดที่จะทำให้ทีมพร้อมเผชิญหน้ากับศัตรูอันตราย ที่ดูเหมือนจะรู้ล่วงหน้าถึงทุกความเคลื่อนไหว ศัตรูซึ่งมีเพียงคอบบ์ผู้เดียวที่จะมองเห็นได้','03', '2010-07-16', 'p14', '20', 'inception.jpg');

--Insert List of actor

INSERT INTO "LIST_OF_ACTORS"(actor_id, movie_id)
	VALUES ('ac01', 'm01'),
	 ('ac01', 'm13'),
	 ('ac02', 'm02'),
	 ('ac03', 'm02'),
	 ('ac04', 'm02'),
	 ('ac05', 'm03'),
	 ('ac06', 'm04'),
	 ('ac07', 'm04'),
	 ('ac08', 'm05'),
	 ('ac09', 'm05'),
	 ('ac10', 'm07'),
	 ('ac11', 'm07'),
	 ('ac12', 'm08'),
	 ('ac13', 'm08'),
	 ('ac14', 'm09'),
	 ('ac15', 'm09'),
	 ('ac16', 'm10'),
	 ('ac17', 'm10'),
	 ('ac18', 'm06'),
	 ('ac19', 'm06'),
	 ('ac20', 'm11'),
	 ('ac21', 'm11'),
	 ('ac21', 'm12'),
	 ('ac22', 'm12'),
	 ('ac23', 'm13'),
	 ('ac24', 'm13'),
	 ('ac25', 'm14'),
	 ('ac26', 'm14'),
	 ('ac27', 'm15'),
	 ('ac28', 'm15'),
	 ('ac29', 'm16'),
	 ('ac30', 'm16'),
	 ('ac31', 'm12'),
	 ('ac31', 'm15');






